"Piezo Voltage (V)";"Fast In 3 (V)";"Lock-In Out (V)";
32.024971;0.30296779;0;
32.07568;0.30277723;6.460795e-05;
32.126423;0.30281833;3.7255679e-05;
32.177177;0.30259204;-2.782386e-05;
32.227924;0.30280903;6.460795e-05;
32.278679;0.30271339;-4.4329539e-05;
32.329422;0.30260748;-4.7630678e-05;
32.380177;0.30247903;-2.1221589e-05;
32.430874;0.30254778;3.3011361e-06;
32.481621;0.30265883;-6.130681e-06;
32.532375;0.30240932;-2.3579543e-05;
32.583118;0.30234841;-6.3193176e-05;
32.633873;0.30247658;-2.5937497e-05;
32.68462;0.30243304;-3.7255679e-05;
32.735374;0.3023856;-3.6784088e-05;
32.786072;0.30244601;-9.4318166e-06;
32.836826;0.30232346;5.2818177e-05;
32.887569;0.30232835;-5.1403404e-05;
32.938324;0.30233008;-1.9806816e-05;
32.989071;0.30221388;1.697727e-05;
33.039825;0.30221364;-5.2346586e-05;
33.090569;0.302163;0.0001032784;
33.141277;0.30202624;3.0181815e-05;
33.19202;0.30208275;-8.4886351e-06;
33.242775;0.30200031;-3.1124997e-05;
33.293522;0.30193061;-6.1306811e-05;
33.344276;0.30181491;-3.3011358e-05;
33.39502;0.30183691;-2.3579543e-05;
33.445774;0.3017129;-1.7920453e-05;
33.496471;0.30146265;2.1693178e-05;
33.547218;0.30148074;-2.5465906e-05;
33.597973;0.30122024;-3.3011358e-05;
33.648716;0.30152357;-8.5357948e-05;
33.699471;0.30138829;-8.5357948e-05;
33.750217;0.30127087;-8.4886351e-06;
33.800972;0.30120924;2.9238632e-05;
33.851669;0.30117497;-4.4329539e-05;
33.902424;0.30121019;-3.0181815e-05;
33.953167;0.30101061;4.1971587e-05;
34.003922;0.30087557;3.3011361e-06;
34.054668;0.30085185;-5.8477264e-05;
34.105423;0.30105048;-2.6409089e-05;
34.156166;0.3009519;-5.1874995e-06;
34.206875;0.30060136;-1.6505679e-05;
34.257618;0.30082443;-1.6505679e-05;
34.308372;0.30068794;-4.2443176e-06;
34.359119;0.30064392;7.5454536e-06;
34.409874;0.30066717;-6.6965898e-05;
34.460617;0.30058813;-2.0278407e-05;
34.511372;0.30046242;-5.2346586e-05;
34.562069;0.30055952;1.131818e-05;
34.612816;0.30047905;6.130681e-06;
34.66357;0.30044651;-2.4051133e-05;
34.714314;0.30034548;-2.9238632e-05;
34.765068;0.30021927;-9.4318166e-06;
34.815815;0.30031931;2.1693178e-05;
34.86657;0.30012238;-6.6022716e-05;
34.917267;0.30025619;-0.00010374999;
34.968021;0.29996338;-8.2528401e-05;
35.018764;0.30003557;-5.8477264e-05;
35.069519;0.30016813;-1.3204544e-05;
35.120266;0.29992989;-3.6312496e-05;
35.171021;0.2998592;-5.2346586e-05;
35.221764;0.2997469;2.3579541e-06;
35.272472;0.29994285;-3.3011361e-06;
35.323215;0.29972073;0;
35.37397;0.29971877;-3.4426132e-05;
35.424717;0.29959157;-3.3482949e-05;
35.475471;0.2995221;-3.8198858e-05;
35.526215;0.29973197;2.5937497e-05;
35.576969;0.29946634;0.00010988067;
35.627666;0.29950497;9.5261355e-05;
35.678413;0.29933351;2.3579543e-05;
35.729168;0.29930219;-3.5840905e-05;
35.779911;0.29925597;-2.782386e-05;
35.830666;0.29920924;4.7159083e-06;
35.881413;0.29897219;8.9602263e-06;
35.932167;0.29896927;-0.00012261362;
35.982864;0.29907373;-2.6880678e-05;
36.033619;0.29894969;-3.6784088e-05;
36.084362;0.29886433;-8.0170448e-06;
36.135117;0.29877675;1.7920453e-05;
36.185863;0.29876208;-2.0278407e-05;
36.236618;0.29887876;9.9034078e-06;
36.287315;0.29867229;5.1874995e-06;
36.33807;0.29858375;8.2528401e-05;
36.388813;0.29858351;-4.7159083e-06;
36.439568;0.29856467;-3.4426132e-05;
36.490314;0.29850131;-2.1693178e-05;
36.541069;0.29845729;-2.1693178e-05;
36.591812;0.29846585;-1.7448861e-05;
36.642509;0.29844189;-5.7062494e-05;
36.693264;0.29842499;-9.4318166e-06;
36.744011;0.29838219;-3.5369314e-05;
36.794765;0.29826868;1.3676135e-05;
36.845509;0.29816544;-5.4232947e-05;
36.896263;0.2982063;-2.216477e-05;
36.94701;0.29811016;-1.6505679e-05;
36.997715;0.29808229;-6.1778403e-05;
37.048462;0.29820484;-4.5272722e-05;
37.099216;0.29795483;-3.1124997e-05;
37.14996;0.2978428;3.8670449e-05;
37.200714;0.29786775;5.1403404e-05;
37.251461;0.2979629;-2.9710223e-05;
37.302216;0.29798102;-4.7159087e-05;
37.352913;0.29790884;-0.00010092044;
37.403667;0.29783767;-7.0738628e-05;
37.454411;0.29770803;-2.3107952e-05;
37.505165;0.29773983;2.5937497e-05;
37.555912;0.29760748;1.3676135e-05;
37.606667;0.29753312;-3.2068179e-05;
37.65741;0.2975786;-3.253977e-05;
37.708107;0.29722074;5.6590902e-06;
37.758862;0.29744238;1.5090907e-05;
37.809608;0.29708815;-2.0278407e-05;
37.860363;0.29696095;-7.9227262e-05;
37.911106;0.29686606;-1.5562498e-05;
37.961861;0.2969541;2.8295452e-05;
38.012608;0.29670361;-2.3579543e-05;
38.063313;0.29665348;-8.4886351e-06;
38.114059;0.2965757;-7.4039766e-05;
38.164814;0.29642501;-4.4329539e-05;
38.215557;0.2963509;-8.0642036e-05;
38.266312;0.29632619;-5.6590903e-05;
38.317059;0.29642132;-7.1210219e-05;
38.367813;0.29631516;-7.7812489e-05;
38.41851;0.29621097;4.0085222e-05;
38.469265;0.29607594;7.2153402e-05;
38.520008;0.29597759;4.7159085e-07;
38.570763;0.29590103;-1.0374999e-05;
38.62151;0.2958301;-8.0170448e-06;
38.672264;0.29562879;-4.2443176e-06;
38.723007;0.29553923;-3.0653406e-05;
38.773705;0.2956405;-4.9517039e-05;
38.824459;0.29557472;-4.9045448e-05;
38.875206;0.29568136;-1.131818e-05;
38.925961;0.2954497;6.2721585e-05;
38.976704;0.29499912;2.3107952e-05;
39.027458;0.29545021;-2.0278407e-05;
39.078205;0.29520753;7.4982949e-05;
39.12891;0.29522637;-3.8670449e-05;
39.179657;0.29522344;-6.2721585e-05;
39.230412;0.29507911;-8.0170448e-06;
39.281155;0.29507521;-0.00011978408;
39.331909;0.2951141;1.6505679e-05;
39.382656;0.29488856;1.6505679e-05;
39.433411;0.29494995;-7.9227262e-05;
39.484108;0.29503679;-3.8670449e-05;
39.534863;0.29494873;5.1874995e-06;
39.585606;0.29482618;-1.7920453e-05;
39.63636;0.29458451;-0.00012968748;
39.687107;0.29469189;-2.4994315e-05;
39.737862;0.29456297;-4.5744313e-05;
39.788605;0.29456884;2.3579543e-05;
39.839302;0.29444897;5.7062494e-05;
39.890057;0.29425085;-3.5840905e-05;
39.940804;0.29432374;-4.3386357e-05;
39.991558;0.2943235;-3.3011358e-05;
40.042301;0.294175;-5.2818177e-05;
40.093056;0.29394922;3.4426132e-05;
40.143803;0.29396245;2.8295452e-05;
40.194508;0.29372197;8.9602263e-06;
40.245255;0.2938323;-3.5840905e-05;
40.296009;0.29369777;-3.6784088e-05;
40.346752;0.29347345;3.2068179e-05;
40.397507;0.29349375;6.9323854e-05;
40.448254;0.29344213;1.603409e-05;
40.499008;0.29324889;2.3107952e-05;
40.549706;0.29298788;0.00010893749;
40.60046;0.29303974;6.2721585e-05;
40.651203;0.29281935;-7.9227262e-05;
40.701958;0.29269311;-2.6409089e-05;
40.752705;0.29243016;-8.0642036e-05;
40.803459;0.29196855;-8.9602263e-06;
40.854202;0.2916941;-4.7159085e-07;
40.9049;0.29156029;-3.0653406e-05;
40.955654;0.29094777;-2.782386e-05;
41.006401;0.29039493;-7.4982949e-05;
41.057156;0.28987756;-2.3579543e-05;
41.107899;0.28914493;8.4886356e-05;
41.158653;0.28831202;1.6505679e-05;
41.2094;0.28731203;-4.1028405e-05;
41.260105;0.28598472;-1.7920453e-05;
41.310852;0.28472129;2.4994315e-05;
41.361607;0.28339913;5.4704538e-05;
41.41235;0.2814483;-7.5454536e-06;
41.463104;0.27945003;-6.8380672e-05;
41.513851;0.27743217;2.3579543e-05;
41.564606;0.27507502;5.1874995e-06;
41.615303;0.27256894;5.1874995e-06;
41.666046;0.26978272;2.4051133e-05;
41.716801;0.26687887;-1.0846589e-05;
41.767548;0.26379889;-8.8659079e-05;
41.818302;0.26094812;-5.4232947e-05;
41.869045;0.25817758;-2.4994315e-05;
41.9198;0.25526935;0.00015845452;
41.970497;0.25239998;-1.9806816e-05;
42.021252;0.24952547;-9.0073852e-05;
42.071999;0.2473496;-0.00019759657;
42.122753;0.2448682;-0.00010752271;
42.173496;0.24336185;-0.00010139203;
42.224251;0.24205485;-0.00011223862;
42.274998;0.2413457;-0.00011223862;
42.325703;0.24159572;-0.00019523861;
42.37645;0.24409765;-0.00027965338;
42.427204;0.2433939;-0.00048951129;
42.477947;0.23939538;0.0011068237;
42.528702;0.23879997;0.00026078973;
42.579449;0.23910452;-0.00049799995;
42.630203;0.23972927;-0.00046781811;
42.680901;0.24146949;-0.00011742612;
42.731644;0.24357565;-0.00010846589;
42.782398;0.24570943;-1.2732953e-05;
42.833145;0.24807514;-0.00014713635;
42.8839;0.25073412;-0.00010422158;
42.934643;0.25338554;-7.7812489e-05;
42.985397;0.25616756;1.1789772e-05;
43.036095;0.25884393;3.3011358e-05;
43.086849;0.26155868;6.8852263e-05;
43.137596;0.26384732;1.2732953e-05;
43.188351;0.2658911;-6.7909081e-05;
43.239094;0.26799604;-5.3761356e-05;
43.289848;0.26976416;7.2624993e-05;
43.340595;0.2721318;0.00011695453;
43.3913;0.27458826;-0.00012827272;
43.442047;0.27323648;0.00085499423;
43.492802;0.27252367;0.00021598861;
43.543545;0.27170691;8.3471583e-05;
43.594299;0.27094248;-1.8863633e-05;
43.645046;0.27003029;8.3471583e-05;
43.695801;0.26880157;8.7715896e-05;
43.746498;0.26747429;0.00010044885;
43.797241;0.26605037;2.8767043e-05;
43.847996;0.26465383;-5.9892038e-05;
43.898743;0.26290751;-2.0749998e-05;
43.949497;0.26139235;-2.6409089e-05;
44.00024;0.25996721;-0.00012968748;
44.050995;0.25858805;-2.5465906e-05;
44.101692;0.25749731;-0.00010940908;
44.152447;0.25645646;-6.0363629e-05;
44.203194;0.25607267;-0.00017778976;
44.253948;0.2564978;-0.00021032953;
44.304691;0.25807682;-0.00026739202;
44.355446;0.25848019;-0.00042301699;
44.406193;0.25513896;0.00098609645;
44.456898;0.25314313;-0.00010044885;
44.507645;0.25227082;-0.0002938011;
44.558399;0.25224832;-0.00018627838;
44.609142;0.2520844;-0.00011459658;
44.659897;0.25221774;-9.5261355e-05;
44.710644;0.25212038;4.1499996e-05;
44.761398;0.25195011;2.5465906e-05;
44.812096;0.25158074;-1.0846589e-05;
44.862839;0.25101838;9.431817e-07;
44.913593;0.25001347;7.5454533e-05;
44.96434;0.24840048;9.1488626e-05;
45.015095;0.24638923;6.4136359e-05;
45.065838;0.24410255;0.00011742612;
45.116592;0.24147242;0.00011884089;
45.16729;0.23811285;7.2624993e-05;
45.218044;0.23363391;0.00011318181;
45.268791;0.22903167;-3.5369314e-05;
45.319546;0.22414812;-9.4318166e-06;
45.370289;0.21908796;4.7159083e-06;
45.421043;0.21374503;0.00014053407;
45.47179;0.20831574;8.2528401e-05;
45.522495;0.20262766;-0.00013534658;
45.573242;0.1971969;-0.00018957953;
45.623997;0.19181482;-0.00010988067;
45.67474;0.18725614;-3.914204e-05;
45.725494;0.18287773;-0.00012308521;
45.776241;0.17910793;-0.00020749998;
45.826996;0.1760485;-0.00030559086;
45.877693;0.17434034;-0.00026974996;
45.928436;0.17520089;-0.00037444313;
45.979191;0.1804;-0.00069795444;
46.029938;0.16924226;-0.000485267;
46.080692;0.16391474;0.0015039032;
46.131435;0.16196539;-0.00080123288;
46.18219;0.16156471;-0.00068144879;
46.232887;0.16215961;-0.000516392;
46.283642;0.16415691;-0.00039189201;
46.334389;0.1687775;-0.00032162498;
46.385143;0.1814521;-0.00081821013;
46.435886;0.17964879;-0.0021726191;
46.486641;0.17485574;0.0034789257;
46.537388;0.1746603;-0.00033247154;
46.588093;0.17639537;-0.00048102267;
46.63884;0.17910108;-0.00042490335;
46.689594;0.18300518;-0.00029521587;
46.740337;0.18840829;-0.00030276133;
46.791092;0.1961135;-0.00031926701;
46.841839;0.19916999;-0.00039896587;
46.892593;0.19812229;0.0016637725;
46.943291;0.19962791;-0.00011884089;
46.994034;0.20323063;-0.00033671586;
47.044788;0.20706575;-0.00017448861;
47.095535;0.21124382;-3.3011361e-06;
47.14629;0.21572864;-4.6687495e-05;
47.197033;0.22079197;-0.00011648294;
47.247787;0.22564249;0.00015232385;
47.298485;0.23013146;0.00018439202;
47.349239;0.23483399;0.00014006249;
47.399986;0.23940271;-1.697727e-05;
47.450741;0.24370529;1.0374999e-05;
47.501484;0.24805582;8.6301123e-05;
47.552238;0.25220942;8.3471583e-05;
47.602985;0.25585666;9.3374991e-05;
47.65369;0.25930822;6.7909081e-05;
47.704437;0.26261643;-3.0181815e-05;
47.755192;0.26569298;0.00013534658;
47.805935;0.26812056;0.00016647157;
47.856689;0.270237;4.2443178e-05;
47.907436;0.27231207;6.8380672e-05;
47.958191;0.27415478;6.9795446e-05;
48.008888;0.27541137;4.8102265e-05;
48.059631;0.27678832;0.00013770453;
48.110386;0.27776581;7.7340897e-05;
48.161133;0.27842629;-2.7352269e-05;
48.211887;0.27917579;3.1596588e-05;
48.26263;0.27985632;3.7255679e-05;
48.313385;0.28026336;1.8392044e-05;
48.364082;0.28067189;2.4994315e-05;
48.414837;0.28071591;-3.4897723e-05;
48.465584;0.2810941;1.603409e-05;
48.516338;0.28114352;1.0374999e-05;
48.567081;0.28109702;5.3289765e-05;
48.617836;0.28126019;-6.4136359e-05;
48.668583;0.28140599;5.1874995e-05;
48.719288;0.28118533;-3.6312496e-05;
48.770035;0.28105691;6.2249994e-05;
48.820789;0.28103977;-8.9602261e-05;
48.871532;0.28103587;-9.3374991e-05;
48.922287;0.28091797;-1.5090907e-05;
48.973034;0.28085998;-8.4886351e-06;
49.023788;0.28087565;-2.216477e-05;
49.074486;0.28079492;-7.2153402e-05;
49.125229;0.28082451;2.8295452e-05;
49.175983;0.28067335;2.3579541e-06;
49.22673;0.28070882;-5.1874995e-06;
49.277485;0.28067115;-5.7534085e-05;
49.328228;0.28078392;-4.6687495e-05;
49.378983;0.28056499;-2.6409089e-05;
49.42968;0.2805393;3.9613631e-05;
49.480434;0.280485;-6.3193176e-05;
49.531181;0.28046834;-2.6409089e-05;
49.581936;0.28035533;-8.4886351e-06;
49.632679;0.28029957;9.4318166e-06;
49.683434;0.28029418;-1.8392044e-05;
49.73418;0.28029639;-8.8187488e-05;
49.784885;0.2803967;-2.5465906e-05;
49.835632;0.28019047;-1.2732953e-05;
49.886387;0.28017187;-2.3579543e-05;
49.93713;0.28005815;-1.131818e-05;
49.987877;0.28016064;1.3676135e-05;
50.038631;0.28017041;-6.1778403e-05;
50.089375;0.28006572;-3.9613631e-05;
50.140083;0.27984679;-8.9602263e-06;
50.190826;0.27985778;-6.9323854e-05;
50.241581;0.27999306;-4.3386357e-05;
50.292328;0.27988347;5.6590902e-06;
50.343082;0.27976412;-6.4136359e-05;
50.393829;0.27964669;2.0278407e-05;
50.444584;0.2795459;6.6022722e-06;
50.495281;0.27965426;-1.9806816e-05;
50.546036;0.2793304;-2.9238632e-05;
50.596779;0.27942923;-2.8767043e-05;
50.647533;0.27941209;-9.431817e-07;
50.69828;0.27922106;-5.3761356e-05;
50.749035;0.27931255;-4.0556813e-05;
50.799778;0.27898476;-3.914204e-05;
50.850475;0.27899992;-1.7920453e-05;
50.90123;0.27900651;-1.4147726e-06;
50.951977;0.27882624;1.8863633e-05;
51.002731;0.27868998;-6.083522e-05;
51.053474;0.27875409;8.9602263e-06;
51.104229;0.27841845;5.3289765e-05;
51.154976;0.2784175;5.2818177e-05;
51.205681;0.27829176;-4.7159083e-06;
51.256428;0.27817383;-4.2914766e-05;
51.307182;0.27804199;2.2636361e-05;
51.357925;0.27781892;1.4147726e-06;
51.40868;0.27760366;-2.782386e-05;
51.459427;0.27721202;-3.8670449e-05;
51.510181;0.27691701;-2.9710223e-05;
51.560879;0.2764762;-1.3676135e-05;
51.611633;0.27606255;-1.5090907e-05;
51.662376;0.27553809;-3.6312496e-05;
51.713131;0.27480108;9.4318166e-06;
51.763878;0.27414694;2.0749998e-05;
51.814632;0.27328199;7.0738628e-05;
51.865376;0.27192095;2.3579541e-06;
51.916073;0.27094465;-1.603409e-05;
51.966827;0.26941457;8.0170448e-06;
52.017574;0.26789698;1.9806816e-05;
52.068329;0.26614723;9.4318166e-06;
52.119072;0.26427004;-3.6784088e-05;
52.169827;0.26197749;3.395454e-05;
52.220573;0.25980723;6.8852263e-05;
52.271278;0.25752154;-1.9806816e-05;
52.322025;0.25490388;-7.7340897e-05;
52.37278;0.25225613;-1.7920453e-05;
52.423523;0.2495064;-1.2261362e-05;
52.474277;0.2466221;-4.7630678e-05;
52.525024;0.24385843;-9.8090895e-05;
52.575779;0.24102673;-9.6204531e-05;
52.626476;0.23827283;-0.00011695453;
52.677231;0.23576207;-0.00016269884;
52.727974;0.23341081;-8.0642036e-05;
52.778728;0.23183058;-0.00014194884;
52.829475;0.23163;-0.00040179541;
52.88023;0.22548251;0.001144551;
52.930973;0.22099574;8.4414765e-05;
52.98167;0.21795171;-0.00026503406;
53.032425;0.21533358;-0.00022777838;
53.083172;0.21379249;-0.00022494883;
53.133926;0.21297815;-0.00020514202;
53.184669;0.21477413;-0.000516392;
53.235424;0.21582648;-0.00069229538;
53.286171;0.20807308;0.0017580907;
53.336876;0.20414306;-0.00019571021;
53.387623;0.20195961;-0.00051261927;
53.438377;0.20141289;-0.00041877269;
53.48912;0.20177051;-0.00041782949;
53.539875;0.20447281;-0.00062014197;
53.590622;0.20993169;-0.0006691874;
53.641376;0.21147302;-0.0006691874;
53.692074;0.20693512;0.00089932373;
53.742828;0.20596522;0.00096676126;
53.793571;0.20699041;-0.00042207382;
53.844326;0.20902416;-0.00042207382;
53.895073;0.21165307;-0.00030983519;
53.945827;0.21492091;-0.00020467043;
53.996571;0.21866868;-0.00019288066;
54.047268;0.22260483;-3.3011361e-06;
54.098022;0.22650722;-8.6772714e-05;
54.148769;0.23043039;-5.3289765e-05;
54.199524;0.23501965;0.00011884089;
54.250267;0.23930927;0.00011601135;
54.301022;0.24321507;8.0170448e-06;
54.351765;0.24665636;1.2261362e-05;
54.402477;0.25037086;9.1017035e-05;
54.45322;0.25398362;0.00010610794;
54.503971;0.2569418;4.5744313e-05;
54.554722;0.25954917;0.00016599998;
54.605473;0.26206946;0.00014053407;
54.656216;0.26398972;2.9710223e-05;
54.706974;0.26595813;0.00011129544;
54.757671;0.26726905;9.5732939e-05;
54.808422;0.26864699;0.00012497157;
54.859173;0.26964989;4.8102265e-05;
54.909924;0.27040187;9.431817e-07;
54.960667;0.27124041;9.6676122e-05;
55.011425;0.27190405;1.9806816e-05;
55.062168;0.27221423;4.1028405e-05;
55.112865;0.2725046;7.168181e-05;
55.163624;0.27282822;6.8380672e-05;
55.214367;0.27303004;-4.5744313e-05;
55.265118;0.27313522;4.7159085e-07;
55.315868;0.27326414;2.5937497e-05;
55.366619;0.2731719;6.4136359e-05;
55.417362;0.27339548;-3.8198858e-05;
55.468075;0.27341628;3.9613631e-05;
55.518818;0.27340797;-2.216477e-05;
55.569569;0.27340773;-7.0738629e-06;
55.620319;0.27350092;-3.1596588e-05;
55.67107;0.2734701;3.9613631e-05;
55.721813;0.2733292;1.9806816e-05;
55.772572;0.27337322;-8.913067e-05;
55.823269;0.27328444;-2.8767043e-05;
55.87402;0.2731604;-2.4051133e-05;
55.92477;0.27328148;-0.00013770453;
55.975521;0.27315748;4.5744313e-05;
56.026264;0.27304521;-1.697727e-05;
56.077023;0.27291775;-8.3471583e-05;
56.127766;0.27314207;-7.1210219e-05;
56.178463;0.27296472;-5.7534085e-05;
56.229221;0.27271277;-1.4147726e-06;
56.279964;0.27277806;-4.8102265e-05;
56.330715;0.27260709;-2.8295451e-06;
56.381466;0.2725704;-2.3579541e-06;
56.432217;0.27243513;2.8295451e-06;
56.48296;0.27235952;4.2443176e-06;
56.533672;0.27215675;-5.1403404e-05;
56.584415;0.27212593;1.131818e-05;
56.635166;0.27191725;1.9806816e-05;
56.685917;0.27164575;-8.9602261e-05;
56.736668;0.27141115;5.1874995e-05;
56.787411;0.27103445;1.697727e-05;
56.838169;0.2709772;-8.4886351e-06;
56.888866;0.27053103;-3.914204e-05;
56.939617;0.27020127;-1.1789772e-05;
56.990368;0.26969197;-3.3011361e-06;
57.041119;0.26927662;-2.3579543e-05;
57.091862;0.26869786;-1.9335224e-05;
57.14262;0.26827392;2.782386e-05;
57.193363;0.26764673;1.6505679e-05;
57.244061;0.26691899;-2.8295452e-05;
57.294819;0.26650974;3.0181815e-05;
57.345562;0.26589993;-1.2732953e-05;
57.396313;0.26527321;0;
57.447063;0.26461348;-6.2721585e-05;
57.497814;0.26408485;2.216477e-05;
57.548557;0.26373458;9.4318166e-06;
57.59927;0.26351124;-3.1124997e-05;
57.650013;0.26304376;-2.9238632e-05;
57.700764;0.2631377;-7.0738628e-05;
57.751514;0.26386836;-0.00012449999;
57.802265;0.26390481;-0.00018863635;
57.853008;0.26277518;0.0004428238;
57.903767;0.26263747;-0.00012402839;
57.954464;0.2625193;-6.3664767e-05;
58.005215;0.26278177;-4.7159087e-05;
58.055965;0.26290092;-0.00014053407;
58.106716;0.26338086;-2.4051133e-05;
58.157459;0.26355991;-1.5090907e-05;
58.208218;0.26405844;-7.5926124e-05;
58.258961;0.26435882;-7.5454533e-05;
58.309658;0.2643916;3.8198858e-05;
58.360416;0.26476368;2.1221589e-05;
58.41116;0.2647512;3.6784088e-05;
58.46191;0.26475438;1.3676135e-05;
58.512661;0.26464087;1.7448861e-05;
58.563412;0.26451588;-2.4522724e-05;
58.614155;0.2644574;-9.9034078e-06;
58.664867;0.26416779;-4.1499996e-05;
58.715611;0.2626996;0.00021693179;
58.766361;0.26144007;1.2261362e-05;
58.817112;0.26020864;-6.6022722e-06;
58.867863;0.2589457;-4.2443178e-05;
58.918606;0.25762892;5.8477264e-05;
58.969364;0.2562691;-1.0374999e-05;
59.020061;0.25476298;-2.6409089e-05;
59.070805;0.25325736;-6.5079541e-05;
59.121563;0.25163603;-0.00011035226;
59.172306;0.25061354;4.2443176e-06;
59.223057;0.24921554;-6.8852263e-05;
59.273808;0.24801643;-9.9034078e-05;
59.324558;0.24729848;-9.9034078e-05;
59.375256;0.24685645;-0.0001136534;
59.426014;0.24731511;-0.00014902272;
59.476757;0.24860522;-0.00020419883;
59.527508;0.25048974;-0.00027729542;
59.578259;0.24802499;-0.00026833519;
59.629009;0.24671604;0.00067390333;
59.679752;0.24646775;-8.2056809e-05;
59.730465;0.2466062;-0.00024098293;
59.781208;0.2473567;-0.00015373861;
59.831959;0.2484362;-0.00011789771;
59.88271;0.2497219;-7.5454533e-05;
59.93346;0.25104749;2.5937497e-05;
59.984203;0.25256461;6.6022722e-06;
60.034962;0.25398999;-5.4232947e-05;
60.085659;0.25546283;-2.2636361e-05;
60.136402;0.2569961;4.2443178e-05;
60.18716;0.2583586;3.0653406e-05;
60.237904;0.25953498;-1.1789772e-05;
60.288654;0.26100636;7.828408e-05;
60.339405;0.26223212;-6.6022722e-06;
60.390156;0.26324657;-5.2346586e-05;
60.440853;0.2641218;-8.0170448e-06;
60.491611;0.26476538;-3.6312496e-05;
60.542355;0.2655758;-2.0749998e-05;
60.593105;0.26614061;9.7147713e-05;
60.643856;0.26664209;3.5369314e-05;
60.694607;0.26692265;-7.5454536e-06;
60.74535;0.26727223;2.7352269e-05;
60.796062;0.26758999;6.3193176e-05;
60.846806;0.26788059;1.8863634e-06;
60.897556;0.26789698;4.998863e-05;
60.948307;0.26800412;-2.8295451e-06;
60.999058;0.26802957;-2.216477e-05;
61.049801;0.26821473;-7.5454536e-06;
61.100559;0.26814723;2.4522724e-05;
61.151257;0.26820594;-4.4801131e-05;
61.202;0.26830181;-3.3011361e-06;
61.252758;0.26823577;4.9517039e-05;
61.303501;0.26833117;-2.1693178e-05;
61.354252;0.26827419;-3.3011361e-06;
61.405003;0.26829007;2.3107952e-05;
61.455753;0.26816311;-1.3676135e-05;
61.506451;0.26826048;4.4801131e-05;
61.557209;0.26804131;-5.0931812e-05;
61.607952;0.26803789;6.7909081e-05;
61.658703;0.26792315;4.0085222e-05;
61.709454;0.26786959;-1.1789772e-05;
61.760204;0.26789674;-1.131818e-05;
61.810947;0.26777467;1.4147726e-06;
61.86166;0.26777637;-6.0363629e-05;
61.912403;0.26779914;4.4329539e-05;
61.963154;0.26756918;2.8295451e-06;
62.013905;0.26755697;-8.5829532e-05;
62.064655;0.26750633;4.1028405e-05;
62.115398;0.2673845;1.4147726e-05;
62.166157;0.26727101;1.4147726e-05;
62.216854;0.26726294;-3.4426132e-05;
62.267597;0.26715139;1.131818e-05;
62.318356;0.26707116;-5.4704538e-05;
62.369099;0.26696107;-4.7159085e-07;
62.419849;0.26721793;9.431817e-07;
62.4706;0.26705477;1.8392044e-05;
62.521351;0.2667754;-1.5090907e-05;
62.572048;0.26699582;2.6880678e-05;
62.622807;0.26680794;-5.8948855e-05;
62.67355;0.26699093;-4.1971587e-05;
62.7243;0.26678079;-2.0278407e-05;
62.775051;0.26687667;1.0374999e-05;
62.825802;0.26665238;4.9045448e-05;
62.876545;0.26680061;2.0278407e-05;
62.927258;0.26689038;5.1874995e-06;
62.978001;0.26677346;-2.7352269e-05;
63.028751;0.26664501;-1.3676135e-05;
63.079502;0.26676977;3.395454e-05;
63.130253;0.26674044;2.6880678e-05;
63.180996;0.26666802;-2.6880678e-05;
63.231754;0.26675266;-1.697727e-05;
63.282452;0.26664454;-4.7159083e-06;
63.333195;0.26663303;-7.0267037e-05;
63.383953;0.26674214;6.130681e-06;
63.434696;0.26653445;3.7255679e-05;
63.485447;0.26670617;-6.130681e-06;
63.536198;0.26646817;3.7727268e-06;
63.586948;0.26651978;-6.4136359e-05;
63.637646;0.26639429;-0.00010233522;
63.688404;0.2663987;-7.7812489e-05;
63.739147;0.26639429;-3.914204e-05;
63.789898;0.26631528;-5.3289765e-05;
63.840649;0.26630574;-5.4232947e-05;
63.891399;0.26617292;1.4147726e-05;
63.942142;0.26625803;-1.7920453e-05;
63.992855;0.26625976;6.6022722e-06;
64.043602;0.26590139;4.7630678e-05;
64.094353;0.26595104;-5.9892038e-05;
64.145103;0.26610124;-2.1221589e-05;
64.195854;0.26583827;1.4619316e-05;
64.246597;0.26582041;-2.2636361e-05;
64.297356;0.26581454;6.6022722e-06;
64.348053;0.26567194;-6.0363629e-05;
64.398796;0.26566729;-5.9420447e-05;
64.449554;0.26550046;-1.9806816e-05;
64.500298;0.26564282;-5.8948855e-05;
64.551048;0.26561886;-5.0460221e-05;
64.601799;0.26564258;-2.3579543e-05;
64.65255;0.26539308;-1.8392044e-05;
64.703247;0.26536664;-6.4136359e-05;
64.754005;0.2653642;-5.6590902e-06;
64.804749;0.26550928;-4.1028405e-05;
64.855499;0.26522037;-9.431817e-07;
64.90625;0.26518124;1.3676135e-05;
64.957001;0.26495716;2.4522724e-05;
65.007744;0.26522014;2.5937497e-05;
65.058456;0.26490971;-7.2153402e-05;
65.1092;0.26500168;2.7352269e-05;
65.15995;0.26489136;-7.0738629e-06;
65.210701;0.26500559;-8.1113627e-05;
65.261452;0.26488379;3.5840905e-05;
65.312195;0.26489699;-2.4522724e-05;
65.362953;0.26480794;-5.8477264e-05;
65.413651;0.26457825;-2.3579541e-06;
65.464394;0.26463795;4.7630678e-05;
65.515152;0.26463377;-1.3676135e-05;
65.565895;0.26448432;-4.2914766e-05;
65.616646;0.2643131;-2.8767043e-05;
65.667397;0.26415947;-1.5090907e-05;
65.718147;0.26436004;3.0653406e-05;
65.768845;0.26404989;-7.0738629e-06;
65.819603;0.2641404;-2.6880678e-05;
65.870346;0.26412499;-7.8755671e-05;
65.921097;0.26413402;-8.4886351e-06;
65.971848;0.26396841;-2.1693178e-05;
66.022598;0.26395544;8.3943174e-05;
66.073341;0.26381382;0;
66.124054;0.2638011;1.4619316e-05;
66.174797;0.26388747;-1.7920453e-05;
66.225548;0.26378715;-8.4886351e-06;
66.276299;0.26376295;-2.4051133e-05;
66.327049;0.26366973;-5.4232947e-05;
66.377792;0.26354963;-3.3011361e-06;
66.428551;0.26363891;3.7727268e-06;
66.479248;0.26377052;-5.1403404e-05;
66.529991;0.26364455;6.4136359e-05;
66.58075;0.26361543;-2.5465906e-05;
66.631493;0.26370129;7.5454533e-05;
66.682243;0.26375806;-1.4147726e-05;
66.732994;0.26355502;-3.7255679e-05;
66.783745;0.26351538;5.2346586e-05;
66.834442;0.2634376;-3.2068179e-05;
66.885201;0.26353201;2.5937497e-05;
66.935944;0.26352713;-1.6505679e-05;
66.986694;0.26351345;-5.8005673e-05;
67.037445;0.26338843;-4.7630678e-05;
67.088196;0.2632786;-2.8295452e-05;
67.138939;0.26348138;-6.3193176e-05;
67.189651;0.26334172;5.7534085e-05;
67.240395;0.26320031;3.3011361e-06;
67.291145;0.26321036;-4.9045448e-05;
67.341896;0.26322135;-5.4704538e-05;
67.392647;0.26304182;-2.3579543e-05;
67.44339;0.26323652;-7.5454536e-06;
67.494148;0.26288843;9.3374991e-05;
67.544846;0.2626678;-3.7255679e-05;
67.595589;0.26274973;-4.6215904e-05;
67.646347;0.26263696;7.5454536e-06;
67.69709;0.26238722;3.914204e-05;
67.747841;0.26229304;1.1789772e-05;
67.798592;0.26231164;1.8392044e-05;
67.849342;0.26231578;1.9806816e-05;
67.90004;0.26221719;7.5454536e-06;
67.950798;0.26196402;-3.4426132e-05;
68.001541;0.26191658;-5.8477264e-05;
68.052292;0.26203373;-5.9892038e-05;
68.103043;0.26188427;1.603409e-05;
68.153793;0.26177737;0.00010469317;
68.204536;0.26177102;-5.2818177e-05;
68.255234;0.26176026;6.3193176e-05;
68.305992;0.26163501;1.603409e-05;
68.356735;0.26154083;3.7727266e-05;
68.407494;0.26148677;2.216477e-05;
68.458237;0.26158047;-1.9806816e-05;
68.508987;0.26150954;-7.5454533e-05;
68.559738;0.26154402;-7.6397715e-05;
68.610443;0.26148018;-2.2636361e-05;
68.661186;0.26135981;-2.8295452e-05;
68.711945;0.26117074;2.9238632e-05;
68.762688;0.26125929;6.3664767e-05;
68.813438;0.26127005;2.8767043e-05;
68.864189;0.26114309;-3.2068179e-05;
68.91494;0.26101589;-8.6772714e-05;
68.965637;0.26105455;-2.3579541e-06;
69.016396;0.26103643;-5.7062494e-05;
69.067139;0.26082069;2.4522724e-05;
69.117889;0.26088038;7.0738629e-06;
69.16864;0.26076052;-6.8380672e-05;
69.219391;0.26088354;3.1596588e-05;
69.270134;0.26065752;7.8755671e-05;
69.320831;0.26065141;-1.0374999e-05;
69.37159;0.26061815;-2.2636361e-05;
69.422333;0.26038256;-4.2443176e-06;
69.473091;0.26049852;-0.00010563635;
69.523834;0.26038256;-2.8295451e-06;
69.574585;0.26025146;-3.3482949e-05;
69.625336;0.26018322;-0.00015939771;
69.676041;0.26019445;-5.6119312e-05;
69.726784;0.26025414;-9.0545444e-05;
69.777542;0.26017097;-1.0846589e-05;
69.828285;0.26025537;2.5937497e-05;
69.879036;0.26000831;4.4329539e-05;
69.929787;0.26011103;-1.3676135e-05;
69.980537;0.25989896;-8.9602263e-06;
70.031235;0.2599951;-8.0170445e-05;
70.081993;0.26000661;-8.9602263e-06;
70.132736;0.25976393;1.4619316e-05;
70.183487;0.25996894;-2.5937497e-05;
70.234238;0.25976077;3.3011358e-05;
70.284988;0.25968981;6.5079541e-05;
70.335739;0.25975341;-4.1971587e-05;
70.386436;0.25954524;3.395454e-05;
70.437187;0.25956777;-1.2732953e-05;
70.48793;0.25953034;-5.8477264e-05;
70.538689;0.25952324;-1.4619316e-05;
70.589432;0.25940973;-3.0181815e-05;
70.64019;0.2592676;-3.8670449e-05;
70.690933;0.25949582;-3.8670449e-05;
70.741638;0.25937304;-4.9045448e-05;
70.792381;0.25906825;-1.697727e-05;
70.84314;0.25907925;1.9806816e-05;
70.893883;0.25906727;-2.216477e-05;
70.944641;0.25892904;-7.4039766e-05;
70.995384;0.25895572;-5.7062494e-05;
71.046135;0.25888136;1.4147726e-05;
71.096832;0.25875562;3.253977e-05;
71.147591;0.2586475;3.9613631e-05;
71.198334;0.25850561;2.3107952e-05;
71.249092;0.25839016;-9.4318166e-06;
71.299835;0.25825441;-3.3011361e-06;
71.350586;0.25836325;1.0846589e-05;
71.401337;0.2581338;3.9613631e-05;
71.452034;0.25787818;2.5937497e-05;
71.502785;0.25762719;-2.2636361e-05;
71.553528;0.25762695;-1.603409e-05;
71.604286;0.25780112;-9.9034078e-06;
71.655029;0.25750539;-0.00011176703;
71.705788;0.25750172;1.8863634e-06;
71.756531;0.25736058;-5.4704538e-05;
71.807236;0.25736082;-2.1221589e-05;
71.857979;0.2573767;2.6880678e-05;
71.908737;0.25763601;4.2443178e-05;
71.95948;0.25761914;-0.00014053407;
72.010239;0.25740239;4.7159085e-07;
72.060982;0.2574271;8.4886351e-06;
72.111732;0.25737965;-1.4619316e-05;
72.16243;0.2573767;-3.9613631e-05;
72.213188;0.25720206;8.4414765e-05;
72.263931;0.25709662;-1.6505679e-05;
72.31469;0.25725123;-8.6301123e-05;
72.365433;0.25714555;4.7630678e-05;
72.416183;0.25712696;3.3011358e-05;
72.466934;0.25700146;4.7630678e-05;
72.517632;0.25687572;-2.9710223e-05;
72.568382;0.25652179;-5.0460221e-05;
72.619125;0.25665092;-0.00010280681;
72.669884;0.25674975;-3.7727268e-06;
72.720627;0.25650343;4.7630678e-05;
72.771385;0.25599879;1.0846589e-05;
72.822128;0.25600123;-0.00016977271;
72.872833;0.25596747;-1.7920453e-05;
72.923576;0.2558738;5.6590902e-06;
72.974335;0.25574952;-3.6312496e-05;
73.025078;0.25563872;-4.1499996e-05;
73.075836;0.25562331;-3.1124997e-05;
73.126579;0.25548875;1.4147726e-06;
73.17733;0.25538039;3.3011361e-06;
73.228027;0.25556508;-4.2443178e-05;
73.278786;0.25542346;8.4886351e-06;
73.329529;0.25524709;3.0653406e-05;
73.380287;0.25509322;-7.5926124e-05;
73.43103;0.25520793;5.0460221e-05;
73.481781;0.25527668;-2.4522724e-05;
73.532532;0.2550756;-2.4522724e-05;
73.583229;0.25520819;1.9335224e-05;
73.63398;0.25509271;7.0738629e-06;
73.684723;0.2550866;-1.8863633e-05;
73.735481;0.25476542;3.5369314e-05;
73.786224;0.25499731;-4.2443176e-06;
73.836983;0.25487134;-2.9238632e-05;
73.887726;0.25491807;3.3011361e-06;
73.938431;0.25499243;5.0460221e-05;
73.989174;0.25487453;-6.460795e-05;
74.039932;0.25483465;-5.6119312e-05;
74.090675;0.25477764;2.3107952e-05;
74.141434;0.25487036;-7.6397715e-05;
74.192177;0.25488994;3.8670449e-05;
74.242928;0.25476298;-5.3289765e-05;
74.293625;0.25463432;-3.3011361e-06;
74.344383;0.25475612;3.253977e-05;
74.395126;0.25486401;2.6409089e-05;
74.445885;0.25472605;-6.6022722e-06;
74.496628;0.25478327;1.1789772e-05;
74.547379;0.25449684;-8.3471583e-05;
74.598129;0.25452814;1.7448861e-05;
74.648827;0.25458393;3.6312496e-05;
74.699577;0.25443128;-4.7159085e-07;
74.75032;0.25457168;2.4051133e-05;
74.801079;0.25437087;2.1693178e-05;
74.851822;0.25447947;2.782386e-05;
74.90258;0.25424561;4.7159085e-07;
74.953323;0.2540054;-3.7727268e-06;
75.004028;0.25387746;-2.8295452e-05;
75.054771;0.25400883;-3.7727266e-05;
75.10553;0.25401321;-9.4318173e-05;
75.156273;0.25380677;4.7159085e-07;
75.207031;0.25366855;-4.2914766e-05;
75.257774;0.25353327;4.8102265e-05;
75.308525;0.25346282;1.603409e-05;
75.359222;0.25339043;-4.8102265e-05;
75.409981;0.25335032;-7.4982949e-05;
75.460724;0.25313383;-3.0653406e-05;
75.511482;0.2531299;-1.6505679e-05;
75.562225;0.25324291;-1.8392044e-05;
75.612976;0.25312552;-7.5454536e-06;
75.663727;0.25308686;1.3204544e-05;
75.714424;0.2530252;-1.8392044e-05;
75.765175;0.25305188;-4.5744313e-05;
75.815918;0.25299025;-8.9602263e-06;
75.866676;0.25286767;4.3857948e-05;
75.917419;0.25295991;1.1789772e-05;
75.968178;0.25276542;7.7340897e-05;
76.018921;0.25284812;6.6022722e-06;
76.069626;0.2527554;-4.0556813e-05;
76.120369;0.2525059;-7.5454536e-06;
76.171127;0.25261745;-6.6494307e-05;
76.22187;0.25250661;-1.131818e-05;
76.272629;0.25257951;-3.5840905e-05;
76.323372;0.2523711;-1.2732953e-05;
76.374123;0.25236696;-1.2732953e-05;
76.42482;0.25226176;-3.8670449e-05;
76.475578;0.25220206;5.3289765e-05;
76.526321;0.25214362;3.4426132e-05;
76.57708;0.25211769;5.0460221e-05;
76.627823;0.25209665;-9.5261355e-05;
76.678566;0.25197703;5.9420447e-05;
76.729324;0.25185496;2.4051133e-05;
76.780022;0.25186598;1.6505679e-05;
76.830772;0.25186548;-8.9602263e-06;
76.881516;0.25177252;2.0278407e-05;
76.932274;0.25154161;1.0374999e-05;
76.983017;0.25179869;3.253977e-05;
77.033775;0.2515426;-4.0085222e-05;
77.084518;0.25149024;-1.603409e-05;
77.135223;0.25146234;2.6880678e-05;
77.185966;0.25146675;-1.131818e-05;
77.236725;0.25159544;-6.6022722e-06;
77.287468;0.25136769;-2.782386e-05;
77.338226;0.25136647;-1.4619316e-05;
77.388969;0.25135618;1.5562498e-05;
77.43972;0.2513721;-6.083522e-05;
77.490417;0.25123975;-1.2732953e-05;
77.541168;0.25119302;-2.216477e-05;
77.591919;0.25117323;1.5090907e-05;
77.642662;0.2511172;3.6312496e-05;
77.69342;0.25107512;-2.9710223e-05;
77.744164;0.25111255;-2.8767043e-05;
77.794922;0.25108808;1.7920453e-05;
77.845619;0.25086403;-6.4136359e-05;
77.89637;0.25097361;-3.1596588e-05;
77.947113;0.25076324;1.5090907e-05;
77.997871;0.25086328;3.4897723e-05;
78.048615;0.25073168;6.6022722e-06;
78.099373;0.25061378;1.5562498e-05;
78.150116;0.25068691;-9.4318166e-06;
78.200821;0.25037014;4.2443176e-06;
78.251564;0.2504122;-8.4886356e-05;
78.302322;0.25039974;-3.1124997e-05;
78.353065;0.25011426;8.913067e-05;
78.403824;0.2501123;-9.4318173e-05;
78.454567;0.24977572;-4.7630678e-05;
78.505318;0.2498327;-8.5357948e-05;
78.556015;0.24973609;-3.5840905e-05;
78.606766;0.2496018;-2.3579541e-06;
78.657516;0.24972801;-4.8102265e-05;
78.70826;0.24947998;-4.1971587e-05;
78.759018;0.24924049;-2.1221589e-05;
78.809761;0.24924001;-4.4801131e-05;
78.860519;0.24918325;9.4318166e-06;
78.911217;0.24907562;-3.7727268e-06;
78.961967;0.24898535;1.9335224e-05;
79.012711;0.24876104;2.5937497e-05;
79.063469;0.2488403;-6.5079541e-05;
79.114212;0.24885914;2.3579543e-05;
79.16497;0.24863482;4.7159083e-06;
79.215714;0.24872607;4.7159083e-06;
79.266418;0.24861036;-5.3289765e-05;
79.317162;0.24863531;-5.8005673e-05;
79.36792;0.24841025;-1.2732953e-05;
79.418663;0.24848437;4.998863e-05;
79.469421;0.24840879;7.168181e-05;
79.520164;0.24844696;-2.1221589e-05;
79.570915;0.24835718;-7.7340897e-05;
79.621613;0.24833566;-2.8295452e-05;
79.672363;0.24823266;-4.4801131e-05;
79.723114;0.24821848;3.1596588e-05;
79.773857;0.24834494;-2.1693178e-05;
79.824615;0.2481084;-4.8573856e-05;
79.875359;0.24798365;-3.3011361e-06;
79.926117;0.24810866;-5.517613e-05;
79.976814;0.24793644;-5.7534085e-05;
80.027565;0.24791662;-1.0846589e-05;
80.078308;0.24798022;-2.9238632e-05;
80.129066;0.24785571;-2.9238632e-05;
80.17981;0.24754627;-0.00010092044;
80.230568;0.24780998;4.4801131e-05;
80.281311;0.24741344;9.431817e-07;
80.332016;0.24748218;-3.7727268e-06;
80.382759;0.24758272;-5.3289765e-05;
80.433517;0.24735719;-8.4886351e-06;
80.484261;0.24723218;-5.8948855e-05;
80.535019;0.24725713;2.5465906e-05;
80.585762;0.24730557;-4.8573856e-05;
80.636513;0.24698146;-3.1596588e-05;
80.68721;0.24716198;-2.4051133e-05;
80.737961;0.2471018;-9.4318166e-06;
80.788712;0.24688531;-6.6022716e-05;
80.839455;0.2467542;9.9034078e-06;
80.890213;0.24673097;-1.131818e-05;
80.940956;0.24671604;4.6687495e-05;
80.991714;0.24672998;5.0460221e-05;
81.042412;0.24649002;7.0738629e-06;
81.093163;0.24636282;-9.9034078e-06;
81.143906;0.24626252;1.4619316e-05;
81.194664;0.24617887;-1.5562498e-05;
81.245407;0.24623366;-8.5829532e-05;
81.296165;0.24618326;-3.0653406e-05;
81.346909;0.24602084;2.3107952e-05;
81.397614;0.24607342;5.0460221e-05;
81.448357;0.24610303;-1.3204544e-05;
81.499115;0.24575078;0;
81.549858;0.24562016;-2.3107952e-05;
81.600616;0.24560523;-7.4511358e-05;
81.65136;0.24583493;-0.0001339318;
81.70211;0.24561012;-6.6022722e-06;
81.752808;0.24535377;4.0556813e-05;
81.803558;0.24525103;-3.8670449e-05;
81.854309;0.24516492;-3.3011361e-06;
81.905052;0.24502403;-1.5090907e-05;
81.955811;0.24506536;-2.1221589e-05;
82.006554;0.2448523;-2.782386e-05;
82.057312;0.24454921;-2.782386e-05;
82.108009;0.24483004;-7.1210219e-05;
82.15876;0.24473953;5.517613e-05;
82.209503;0.24435182;-0.00011271022;
82.260262;0.2443506;5.1403404e-05;
82.311005;0.24421899;-3.3011361e-06;
82.361763;0.24428698;-3.3482949e-05;
82.412506;0.244105;3.3482949e-05;
82.463211;0.24410133;-2.3107952e-05;
82.513954;0.24414413;-8.9602263e-06;
82.564713;0.24422583;-4.2914766e-05;
82.615456;0.24412823;-1.8863633e-05;
82.666214;0.24397705;-4.7159087e-05;
82.716957;0.24374589;-3.4426132e-05;
82.767708;0.24395993;0.00010044885;
82.818405;0.24384937;5.8477264e-05;
82.869156;0.24396507;-7.7812489e-05;
82.919907;0.2437322;2.0278407e-05;
82.97065;0.24334717;-3.5840905e-05;
83.021408;0.24377085;0.00010233522;
83.072151;0.24365416;-3.395454e-05;
83.12291;0.24372461;-4.2914766e-05;
83.173607;0.24363899;-5.3289765e-05;
83.224358;0.24340783;-6.8852263e-05;
83.275101;0.2435749;-3.9613631e-05;
83.325859;0.24359961;-3.6312496e-05;
83.376602;0.24358323;2.9238632e-05;
83.427361;0.24334937;-0.00011648294;
83.478104;0.24299248;1.697727e-05;
83.528809;0.24333371;-6.2249994e-05;
83.579552;0.2431045;-4.2443178e-05;
83.63031;0.24280241;1.0846589e-05;
